{"HUNTER":{"OM_GUI":{"default":{"list":"Enemy"},"settings":{"selected_profile":"default"}},"TOGGLE_STATES":{"default":{"mastertoggle":false}},"Apep_track":{"_":{"Version":"1.1"},"settings":{"Location":[500,500],"selected_profile":"default","av_profiles":[{"key":"default","text":"Default"}]},"default":{"e_idx":"1","f_idx":"1","e_name":"","f_name":""}},"MainFrame":{"settings":{"Location":[502,182],"selected_profile":"default","av_profiles":[{"key":"default","text":"Default"}]}},"TOGGLE_MainFrame":{"default":{"show":true}},"ActionLogFrame":{"settings":{"Location":[500,500],"selected_profile":"default","av_profiles":[{"key":"default","text":"Default"}]}},"[Hunter] MM Leveling 18-60":{"settings":{"Location":[500,500],"selected_profile":"default","av_profiles":[{"key":"default","text":"Default"}]},"default":{"hp_feign_spin":15,"hp_mend_pet_spin":70,"hp_deterrence_spin":25}},"SELECTED_CR":{"default":{"name":"[Hunter] MM Leveling 18-60"}},"OMgui":{"settings":{"Location":[500,500],"selected_profile":"default","av_profiles":[{"key":"default","text":"Default"}]}},"ApepCTgui":{"settings":{"Location":[500,500],"selected_profile":"default","av_profiles":[{"key":"default","text":"Default"}]},"default":{"spell_ID_key":"","select_table_key":"_interrupts"}},"Apofis_Settings":{"default":{"ExtrasPAID":true,"ActionBarsPAID":true,"OM_Dis_spin":40,"chatTab_A":0.15686275437474,"Toggles":true,"ObjectManagerSettings":true,"chatTab_B":0,"chatTab_R":0,"s_AutoLoot":false,"chatTab_G":0,"brow_spin":10,"chatTabFontSize":0,"s_AutoAcceptLFG":true,"parser_frequency_spin":0.1,"bsize_spin":40,"":true,"ColorFillIcon":0,"bpad_spin":2},"settings":{"Location":[500,500],"selected_profile":"default","av_profiles":[{"key":"default","text":"Default"}]}}},"config_ver":"0.2","HERO":{"OM_GUI":{"default":{"list":"Enemy"},"settings":{"selected_profile":"default"}},"TOGGLE_STATES":{"default":{"mastertoggle":false}},"Apep_track":{"default":{"e_idx":"1","f_idx":"1","e_name":"","f_name":""},"settings":{"Location":[500,500],"selected_profile":"default","av_profiles":[{"key":"default","text":"Default"}]},"_":{"Version":"1.1"}},"MainFrame":{"settings":{"Location":[234,407],"selected_profile":"default","av_profiles":[{"key":"default","text":"Default"}]}},"TOGGLE_MainFrame":{"default":{"show":true}},"ActionLogFrame":{"settings":{"Location":[500,500],"selected_profile":"default","av_profiles":[{"key":"default","text":"Default"}]}},"SELECTED_CR":{"default":[]},"OMgui":{"settings":{"Location":[500,500],"selected_profile":"default","av_profiles":[{"key":"default","text":"Default"}]}},"ApepCTgui":{"settings":{"Location":[500,500],"selected_profile":"default","av_profiles":[{"key":"default","text":"Default"}]},"default":{"spell_ID_key":"","select_table_key":"_interrupts"}},"Apofis_Settings":{"default":{"bsize_spin":40,"ObjectManagerSettings":true,"ColorFillIcon":0,"Toggles":true,"chatTab_B":0,"chatTab_R":0,"ActionBarsPAID":true,"chatTab_G":0,"":true,"bpad_spin":2,"chatTabFontSize":0,"parser_frequency_spin":0.1,"OM_Dis_spin":40,"chatTab_A":0.15686275437474,"brow_spin":10,"ExtrasPAID":true},"settings":{"Location":[500,500],"selected_profile":"default","av_profiles":[{"key":"default","text":"Default"}]}}},"GLOBAL":{"ApepCTgui":{"settings":{"selected_profile":"default"},"default":{"_interrupts_table":""}},"Apep_track_IdWindow":{"_":{"Version":"1.1"},"settings":{"Location":[500,500],"selected_profile":"default","av_profiles":[{"key":"default","text":"Default"}]},"default":{"ManaShards_table":{"Remove":"","Add":""},"Custom_table":{"Remove":"","Add":""},"Mining_table":{"Remove":"","Add":""},"Herbalism_table":{"Remove":"","Add":""},"Friendlies_table":{"Remove":"","Add":""},"Treasures_table":{"Remove":"","Add":""},"Chests_table":{"Remove":"","Add":""},"ID_key":"","Enemies_table":{"Remove":"","Add":""}}}}}